{
  "features": [
    "off_woba",
    "off_iso",
    "off_k",
    "off_bb",
    "sp_whip",
    "sp_bb9",
    "sp_xwoba",
    "tf_rpg",
    "tf_rapg"
  ],
  "mean": [
    -0.001271,
    -0.00241,
    -0.00053,
    0.001317,
    -0.027375,
    0.02986,
    -0.001097,
    -0.041015,
    -0.007692
  ],
  "std": [
    0.051033,
    0.057024,
    0.058698,
    0.033967,
    0.731393,
    3.528835,
    0.076363,
    1.719117,
    1.824185
  ],
  "intercept": 0.104104,
  "coef": [
    -0.293055,
    0.177037,
    -0.166286,
    0.028557,
    0.201418,
    -0.106242,
    -0.137959,
    0.141717,
    0.092733
  ],
  "lambda": 2.0,
  "n_train": 950,
  "oos_brier": 0.2492,
  "base_rate_brier": 0.2527
}